Techstack,Links
"React, Node.js, MongoDB",https://www.venture7.com/expertise/
"Angular,.NET, SQL Server",https://www.venture7.com/dot-net-development/
"Vue.js, Ruby on Rails, PostgreSQL",https://www.venture7.com/expertise/
"Python, Django, MySQL",https://www.venture7.com/agentic-ai/
"Java, Spring Boot, Oracle",https://www.venture7.com/expertise/
"Flutter, Firebase, GraphQL",https://www.venture7.com/expertise/
"WordPress, PHP, MySQL",https://www.venture7.com/saas-apps-using-laravel/
"Magento, PHP, MySQL",https://www.venture7.com/saas-apps-using-laravel/
"React Native, Node.js, MongoDB",https://example.com/react-native-portfolio
"iOS, Swift, Core Data",https://www.venture7.com/mobile-app-development/
"Android, Java, Room Persistence",https://www.venture7.com/mobile-app-development/
"Kotlin, Android, Firebase",https://www.venture7.com/mobile-app-development/
"Android TV, Kotlin, Android NDK",https://www.venture7.com/mobile-app-development/
"iOS, Swift, ARKit",https://www.venture7.com/mobile-app-development/
"Cross-platform, Xamarin, Azure",https://www.venture7.com/devops/
"Backend, Kotlin, Spring Boot",https://www.venture7.com/future-of-work/
"Frontend, TypeScript, Angular",https://www.venture7.com/future-of-work/
"Full-stack, JavaScript, Express.js",https://www.venture7.com/future-of-work/
"Machine Learning, Python, TensorFlow",https://www.venture7.com/generative-ai/
"DevOps, Jenkins, Docker , Cloud",https://www.venture7.com/cloud-devops/
Salesforce,https://www.venture7.com/salesforce-consulting/
Power BI,https://www.venture7.com/power-bi/
dialogflow,https://www.venture7.com/dialogflow/
